codon	AA	freq
UAA	*	0.28
UAG	*	0.2
UGA	*	0.52
GCU	A	0.15
GCC	A	0.37
GCA	A	0.28
GCG	A	0.21
UGU	C	0.31
UGC	C	0.69
GAU	D	0.32
GAC	D	0.68
GAA	E	0.42
GAG	E	0.58
UUU	F	0.31
UUC	F	0.69
GGU	G	0.11
GGC	G	0.34
GGA	G	0.28
GGG	G	0.28
CAU	H	0.29
CAC	H	0.71
AUU	I	0.21
AUC	I	0.49
AUA	I	0.3
AAA	K	0.42
AAG	K	0.58
UUA	L	0.05
UUG	L	0.09
CUU	L	0.09
CUC	L	0.24
CUA	L	0.14
CUG	L	0.39
AUG	M	1.0
AAU	N	0.32
AAC	N	0.68
CCU	P	0.15
CCC	P	0.33
CCA	P	0.3
CCG	P	0.21
CAA	Q	0.25
CAG	Q	0.75
CGU	R	0.06
CGC	R	0.19
CGA	R	0.14
CGG	R	0.21
AGA	R	0.2
AGG	R	0.2
UCU	S	0.15
UCC	S	0.18
UCA	S	0.12
UCG	S	0.05
AGU	S	0.12
AGC	S	0.38
ACU	T	0.14
ACC	T	0.35
ACA	T	0.3
ACG	T	0.21
GUU	V	0.12
GUC	V	0.27
GUA	V	0.19
GUG	V	0.42
UGG	W	1.0
UAU	Y	0.3
UAC	Y	0.7
