AA	codon	freq
*	UAA	0.28
*	UAG	0.2
*	UGA	0.52
A	GCU	0.26
A	GCC	0.4
A	GCA	0.23
A	GCG	0.11
C	UGU	0.45
C	UGC	0.55
D	GAU	0.46
D	GAC	0.54
E	GAA	0.42
E	GAG	0.58
F	UUU	0.45
F	UUC	0.55
G	GGU	0.16
G	GGC	0.34
G	GGA	0.25
G	GGG	0.25
H	CAU	0.41
H	CAC	0.59
I	AUU	0.36
I	AUC	0.48
I	AUA	0.16
K	AAA	0.42
K	AAG	0.58
L	UUA	0.07
L	UUG	0.13
L	CUU	0.13
L	CUC	0.2
L	CUA	0.07
L	CUG	0.41
M	AUG	1
N	AAU	0.46
N	AAC	0.54
P	CCU	0.28
P	CCC	0.33
P	CCA	0.27
P	CCG	0.11
Q	CAA	0.25
Q	CAG	0.75
R	CGU	0.08
R	CGC	0.19
R	CGA	0.11
R	CGG	0.21
R	AGA	0.2
R	AGG	0.2
S	UCU	0.18
S	UCC	0.22
S	UCA	0.15
S	UCG	0.06
S	AGU	0.15
S	AGC	0.24
T	ACU	0.24
T	ACC	0.36
T	ACA	0.28
T	ACG	0.12
V	GUU	0.18
V	GUC	0.24
V	GUA	0.11
V	GUG	0.47
W	UGG	1
Y	UAU	0.43
Y	UAC	0.57
